{
	"manifest_version": 3,
	"permissions": [
		"declarativeNetRequest",
		"declarativeNetRequestWithHostAccess",
		"activeTab",
		"webRequest"
	],
	"host_permissions": [
		"*://*.ecole-directe.plus/*",
		"*://*.ecoledirecte.com/*",
		"*://api.ecoledirecte.com/mot-de-passe-oublie.awp"
	],
	"background": {
		"service_worker": "service-worker.js"
	},
	"declarative_net_request": {
		"rule_resources": [
			{
				"id": "change_origin",
				"enabled": true,
				"path": "rulesets/change_origin.json"
			}
		]
	},
	"action": {
		"default_title": "Unnoficial Support • Ecole Directe Plus • Unblock",
		"default_popup": "popup/popup.html"
	}
}