[
	{
		"id": 2,
		"priority": 1,
		"condition": {
			"urlFilter": "||ecoledirecte.com",
			"resourceTypes": [
				"xmlhttprequest",
				"main_frame",
				"sub_frame",
				"image"
			]
		},
		"action": {
			"type": "modifyHeaders",
			"requestHeaders": [
				{
					"operation": "set",
					"header": "Referer",
					"value": "https://www.ecoledirecte.com/"
				}
			]
		}
	},
	{
		"id": 3,
		"priority": 1,
		"condition": {
			"urlFilter": "||ecoledirecte.com",
			"resourceTypes": [
				"xmlhttprequest",
				"main_frame",
				"sub_frame",
				"image"
			]
		},
		"action": {
			"type": "modifyHeaders",
			"requestHeaders": [
				{
					"operation": "set",
					"header": "Origin",
					"value": "https://www.ecoledirecte.com"
				}
			]
		}
	},
	{
		"id": 4,
		"priority": 1,
		"condition": {
			"urlFilter": "||ecoledirecte.com",
			"resourceTypes": [
				"xmlhttprequest",
				"main_frame",
				"sub_frame",
				"image"
			],
			"excludedInitiatorDomains": [
				"www.ecoledirecte.com",
				"ecoledirecte.com"
			]
		},
		"action": {
			"type": "modifyHeaders",
			"responseHeaders": [
				{
					"operation": "set",
					"header": "Access-Control-Allow-Origin",
					"value": "*"
				}
			]
		}
	}
]